,estimator,min_score,mean_score,max_score,std_score,C,bootstrap,gamma,kernel,learning_rate,max_depth,max_features,min_samples_split,n_estimators
0,AB,0.4,0.6516666666666666,1.0,0.1975474626513841,,,,,1.0,,,,100
272,RF,0.25,0.6183333333333334,1.0,0.25314137464183045,,False,,,,,30,5,
287,SVM,0.3333333333333333,0.6366666666666667,1.0,0.23485219938411384,0.1,,0.5,linear,,,,,
285,SVM,0.3333333333333333,0.6366666666666667,1.0,0.23485219938411384,0.1,,1,linear,,,,,
283,RF,0.25,0.6316666666666667,1.0,0.21153539236312732,,False,,,,,40,7,
281,RF,0.25,0.5983333333333334,1.0,0.22894079778162932,,False,,,,,40,3,
278,RF,0.25,0.5983333333333334,1.0,0.22894079778162932,,False,,,,,35,7,
277,RF,0.25,0.5983333333333334,1.0,0.22894079778162932,,False,,,,,35,5,
276,RF,0.25,0.6316666666666667,1.0,0.21153539236312732,,False,,,,,35,3,
275,RF,0.25,0.665,1.0,0.18670386534116892,,False,,,,,35,2,
274,RF,0.25,0.5983333333333334,1.0,0.22894079778162932,,False,,,,,30,10,
271,RF,0.25,0.6233333333333333,1.0,0.23048258550750036,,False,,,,,30,3,
291,SVM,0.3333333333333333,0.6366666666666667,1.0,0.23485219938411384,0.1,,0.05,linear,,,,,
270,RF,0.25,0.6566666666666667,1.0,0.20925794820959345,,False,,,,,30,2,
269,RF,0.25,0.6433333333333333,1.0,0.25256462319352824,,False,,,,,25,10,
268,RF,0.25,0.6233333333333333,1.0,0.23048258550750036,,False,,,,,25,7,
267,RF,0.25,0.6233333333333333,1.0,0.23048258550750036,,False,,,,,25,5,
265,RF,0.25,0.5783333333333334,1.0,0.21896854162692464,,False,,,,,25,2,
264,RF,0.25,0.6033333333333333,1.0,0.2228352655114436,,False,,,,,20,10,
261,RF,0.25,0.6316666666666666,1.0,0.21153539236312732,,False,,,,,20,3,
259,RF,0.25,0.6233333333333333,1.0,0.23048258550750036,,False,,,,2,40,10,
258,RF,0.25,0.6233333333333333,1.0,0.23048258550750036,,False,,,,2,40,7,
289,SVM,0.3333333333333333,0.6366666666666667,1.0,0.23485219938411384,0.1,,0.1,linear,,,,,
293,SVM,0.3333333333333333,0.6366666666666667,1.0,0.23485219938411384,0.1,,0.01,linear,,,,,
189,RF,0.25,0.6366666666666667,1.0,0.2040969268645551,,False,,,,5,20,10,
314,SVM,0.3333333333333333,0.5816666666666667,1.0,0.18950960104672504,0.5,,0.005,rbf,,,,,
329,SVM,0.3333333333333333,0.7633333333333334,1.0,0.23860706890897704,1,,0.01,linear,,,,,
328,SVM,0.25,0.5316666666666666,1.0,0.20391310785615413,1,,0.05,rbf,,,,,
327,SVM,0.3333333333333333,0.7633333333333334,1.0,0.23860706890897704,1,,0.05,linear,,,,,
325,SVM,0.3333333333333333,0.7633333333333334,1.0,0.23860706890897704,1,,0.1,linear,,,,,
323,SVM,0.3333333333333333,0.7633333333333334,1.0,0.23860706890897704,1,,0.5,linear,,,,,
321,SVM,0.3333333333333333,0.7633333333333334,1.0,0.23860706890897704,1,,1,linear,,,,,
319,SVM,0.3333333333333333,0.7633333333333334,1.0,0.23860706890897704,0.5,,0.0001,linear,,,,,
317,SVM,0.3333333333333333,0.7633333333333334,1.0,0.23860706890897704,0.5,,0.0005,linear,,,,,
315,SVM,0.3333333333333333,0.7633333333333334,1.0,0.23860706890897704,0.5,,0.001,linear,,,,,
313,SVM,0.3333333333333333,0.7633333333333334,1.0,0.23860706890897704,0.5,,0.005,linear,,,,,
295,SVM,0.3333333333333333,0.6366666666666667,1.0,0.23485219938411384,0.1,,0.005,linear,,,,,
312,SVM,0.3333333333333333,0.5816666666666667,1.0,0.18950960104672504,0.5,,0.01,rbf,,,,,
311,SVM,0.3333333333333333,0.7633333333333334,1.0,0.23860706890897704,0.5,,0.01,linear,,,,,
309,SVM,0.3333333333333333,0.7633333333333334,1.0,0.23860706890897704,0.5,,0.05,linear,,,,,
307,SVM,0.3333333333333333,0.7633333333333334,1.0,0.23860706890897704,0.5,,0.1,linear,,,,,
305,SVM,0.3333333333333333,0.7633333333333334,1.0,0.23860706890897704,0.5,,0.5,linear,,,,,
303,SVM,0.3333333333333333,0.7633333333333334,1.0,0.23860706890897704,0.5,,1,linear,,,,,
301,SVM,0.3333333333333333,0.6366666666666667,1.0,0.23485219938411384,0.1,,0.0001,linear,,,,,
299,SVM,0.3333333333333333,0.6366666666666667,1.0,0.23485219938411384,0.1,,0.0005,linear,,,,,
297,SVM,0.3333333333333333,0.6366666666666667,1.0,0.23485219938411384,0.1,,0.001,linear,,,,,
254,RF,0.25,0.6233333333333333,1.0,0.23048258550750036,,False,,,,2,35,10,
253,RF,0.25,0.6233333333333333,1.0,0.23048258550750036,,False,,,,2,35,7,
251,RF,0.25,0.6233333333333333,1.0,0.23048258550750036,,False,,,,2,35,3,
202,RF,0.25,0.6900000000000001,1.0,0.17953644012660308,,False,,,,5,35,5,
212,RF,0.25,0.6433333333333333,1.0,0.25256462319352824,,False,,,,3,20,5,
211,RF,0.25,0.6433333333333333,1.0,0.25256462319352824,,False,,,,3,20,3,
210,RF,0.25,0.6183333333333334,1.0,0.25314137464183045,,False,,,,3,20,2,
209,RF,0.25,0.6566666666666666,1.0,0.20925794820959345,,False,,,,5,40,10,
208,RF,0.25,0.5983333333333334,1.0,0.22894079778162932,,False,,,,5,40,7,
207,RF,0.25,0.5983333333333334,1.0,0.22894079778162932,,False,,,,5,40,5,
206,RF,0.25,0.5983333333333334,1.0,0.22894079778162932,,False,,,,5,40,3,
205,RF,0.25,0.6316666666666667,1.0,0.21153539236312732,,False,,,,5,40,2,
203,RF,0.25,0.6233333333333333,1.0,0.23048258550750036,,False,,,,5,35,7,
201,RF,0.25,0.6433333333333333,1.0,0.25256462319352824,,False,,,,5,35,3,
250,RF,0.25,0.6033333333333333,1.0,0.2228352655114436,,False,,,,2,35,2,
199,RF,0.25,0.5983333333333334,1.0,0.22894079778162932,,False,,,,5,30,10,
198,RF,0.25,0.6233333333333333,1.0,0.23048258550750036,,False,,,,5,30,7,
197,RF,0.25,0.5983333333333334,1.0,0.22894079778162932,,False,,,,5,30,5,
196,RF,0.25,0.6316666666666667,1.0,0.21153539236312732,,False,,,,5,30,3,
195,RF,0.25,0.6233333333333333,1.0,0.23048258550750036,,False,,,,5,30,2,
194,RF,0.25,0.5783333333333334,1.0,0.21896854162692464,,False,,,,5,25,10,
193,RF,0.25,0.5983333333333334,1.0,0.22894079778162932,,False,,,,5,25,7,
192,RF,0.25,0.665,1.0,0.18670386534116892,,False,,,,5,25,5,
191,RF,0.25,0.6233333333333333,1.0,0.23048258550750036,,False,,,,5,25,3,
214,RF,0.25,0.6316666666666667,1.0,0.21153539236312732,,False,,,,3,20,10,
215,RF,0.25,0.6766666666666666,1.0,0.23048258550750036,,False,,,,3,25,2,
216,RF,0.25,0.6566666666666667,1.0,0.20925794820959345,,False,,,,3,25,3,
217,RF,0.25,0.6233333333333333,1.0,0.23048258550750036,,False,,,,3,25,5,
249,RF,0.25,0.5783333333333334,1.0,0.21896854162692464,,False,,,,2,30,10,
248,RF,0.25,0.6433333333333333,1.0,0.25256462319352824,,False,,,,2,30,7,
247,RF,0.25,0.6233333333333333,1.0,0.23048258550750036,,False,,,,2,30,5,
246,RF,0.25,0.6233333333333333,1.0,0.23048258550750036,,False,,,,2,30,3,
244,RF,0.25,0.6233333333333333,1.0,0.23048258550750036,,False,,,,2,25,10,
243,RF,0.25,0.6233333333333333,1.0,0.23048258550750036,,False,,,,2,25,7,
240,RF,0.25,0.6233333333333333,1.0,0.23048258550750036,,False,,,,2,25,2,
238,RF,0.25,0.6433333333333333,1.0,0.25256462319352824,,False,,,,2,20,7,
233,RF,0.25,0.5983333333333334,1.0,0.22894079778162932,,False,,,,3,40,7,
231,RF,0.25,0.6233333333333333,1.0,0.23048258550750036,,False,,,,3,40,3,
230,RF,0.25,0.6233333333333333,1.0,0.23048258550750036,,False,,,,3,40,2,
229,RF,0.25,0.6233333333333333,1.0,0.23048258550750036,,False,,,,3,35,10,
228,RF,0.25,0.6033333333333333,1.0,0.2228352655114436,,False,,,,3,35,7,
227,RF,0.25,0.6316666666666666,1.0,0.21153539236312732,,False,,,,3,35,5,
1,AB,0.4,0.7016666666666667,1.0,0.18400634047046674,,,,,1.0,,,,150
221,RF,0.25,0.5983333333333334,1.0,0.22894079778162932,,False,,,,3,30,3,
220,RF,0.25,0.6116666666666667,1.0,0.2039948256424385,,False,,,,3,30,2,
219,RF,0.25,0.5983333333333334,1.0,0.22894079778162932,,False,,,,3,25,10,
218,RF,0.25,0.6183333333333334,1.0,0.25314137464183045,,False,,,,3,25,7,
330,SVM,0.3333333333333333,0.5816666666666667,1.0,0.18950960104672504,1,,0.01,rbf,,,,,
331,SVM,0.3333333333333333,0.7633333333333334,1.0,0.23860706890897704,1,,0.005,linear,,,,,
332,SVM,0.3333333333333333,0.6016666666666666,1.0,0.17957511582126914,1,,0.005,rbf,,,,,
407,SVM,0.3333333333333333,0.7633333333333334,1.0,0.23860706890897704,100,,0.0005,linear,,,,,
419,SVM,0.3333333333333333,0.7633333333333334,1.0,0.23860706890897704,500,,0.01,linear,,,,,
418,SVM,0.25,0.5516666666666665,1.0,0.19978460623603833,500,,0.05,rbf,,,,,
417,SVM,0.3333333333333333,0.7633333333333334,1.0,0.23860706890897704,500,,0.05,linear,,,,,
415,SVM,0.3333333333333333,0.7633333333333334,1.0,0.23860706890897704,500,,0.1,linear,,,,,
413,SVM,0.3333333333333333,0.7633333333333334,1.0,0.23860706890897704,500,,0.5,linear,,,,,
411,SVM,0.3333333333333333,0.7633333333333334,1.0,0.23860706890897704,500,,1,linear,,,,,
410,SVM,0.3333333333333333,0.615,1.0,0.22711353010235993,100,,0.0001,rbf,,,,,
409,SVM,0.3333333333333333,0.7633333333333334,1.0,0.23860706890897704,100,,0.0001,linear,,,,,
408,SVM,0.3333333333333333,0.6366666666666667,1.0,0.23485219938411384,100,,0.0005,rbf,,,,,
406,SVM,0.3333333333333333,0.71,1.0,0.2448582356294261,100,,0.001,rbf,,,,,
392,SVM,0.4,0.64,1.0,0.1709775813764288,50,,0.0001,rbf,,,,,
405,SVM,0.3333333333333333,0.7633333333333334,1.0,0.23860706890897704,100,,0.001,linear,,,,,
404,SVM,0.3333333333333333,0.6016666666666667,1.0,0.20061710351368903,100,,0.005,rbf,,,,,
403,SVM,0.3333333333333333,0.7633333333333334,1.0,0.23860706890897704,100,,0.005,linear,,,,,
402,SVM,0.3333333333333333,0.6016666666666667,1.0,0.20061710351368903,100,,0.01,rbf,,,,,
401,SVM,0.3333333333333333,0.7633333333333334,1.0,0.23860706890897704,100,,0.01,linear,,,,,
400,SVM,0.25,0.5516666666666665,1.0,0.19978460623603833,100,,0.05,rbf,,,,,
399,SVM,0.3333333333333333,0.7633333333333334,1.0,0.23860706890897704,100,,0.05,linear,,,,,
397,SVM,0.3333333333333333,0.7633333333333334,1.0,0.23860706890897704,100,,0.1,linear,,,,,
395,SVM,0.3333333333333333,0.7633333333333334,1.0,0.23860706890897704,100,,0.5,linear,,,,,
420,SVM,0.3333333333333333,0.6016666666666667,1.0,0.20061710351368903,500,,0.01,rbf,,,,,
421,SVM,0.3333333333333333,0.7633333333333334,1.0,0.23860706890897704,500,,0.005,linear,,,,,
422,SVM,0.3333333333333333,0.6016666666666667,1.0,0.20061710351368903,500,,0.005,rbf,,,,,
423,SVM,0.3333333333333333,0.7633333333333334,1.0,0.23860706890897704,500,,0.001,linear,,,,,
445,SVM,0.3333333333333333,0.7633333333333334,1.0,0.23860706890897704,1000,,0.0001,linear,,,,,
444,SVM,0.3333333333333333,0.71,1.0,0.2448582356294261,1000,,0.0005,rbf,,,,,
443,SVM,0.3333333333333333,0.7633333333333334,1.0,0.23860706890897704,1000,,0.0005,linear,,,,,
442,SVM,0.3333333333333333,0.71,1.0,0.2448582356294261,1000,,0.001,rbf,,,,,
441,SVM,0.3333333333333333,0.7633333333333334,1.0,0.23860706890897704,1000,,0.001,linear,,,,,
440,SVM,0.3333333333333333,0.6016666666666667,1.0,0.20061710351368903,1000,,0.005,rbf,,,,,
439,SVM,0.3333333333333333,0.7633333333333334,1.0,0.23860706890897704,1000,,0.005,linear,,,,,
438,SVM,0.3333333333333333,0.6016666666666667,1.0,0.20061710351368903,1000,,0.01,rbf,,,,,
437,SVM,0.3333333333333333,0.7633333333333334,1.0,0.23860706890897704,1000,,0.01,linear,,,,,
436,SVM,0.25,0.5516666666666665,1.0,0.19978460623603833,1000,,0.05,rbf,,,,,
435,SVM,0.3333333333333333,0.7633333333333334,1.0,0.23860706890897704,1000,,0.05,linear,,,,,
433,SVM,0.3333333333333333,0.7633333333333334,1.0,0.23860706890897704,1000,,0.1,linear,,,,,
431,SVM,0.3333333333333333,0.7633333333333334,1.0,0.23860706890897704,1000,,0.5,linear,,,,,
429,SVM,0.3333333333333333,0.7633333333333334,1.0,0.23860706890897704,1000,,1,linear,,,,,
428,SVM,0.3333333333333333,0.6366666666666667,1.0,0.23485219938411384,500,,0.0001,rbf,,,,,
427,SVM,0.3333333333333333,0.7633333333333334,1.0,0.23860706890897704,500,,0.0001,linear,,,,,
426,SVM,0.3333333333333333,0.71,1.0,0.2448582356294261,500,,0.0005,rbf,,,,,
425,SVM,0.3333333333333333,0.7633333333333334,1.0,0.23860706890897704,500,,0.0005,linear,,,,,
424,SVM,0.3333333333333333,0.71,1.0,0.2448582356294261,500,,0.001,rbf,,,,,
393,SVM,0.3333333333333333,0.7633333333333334,1.0,0.23860706890897704,100,,1,linear,,,,,
391,SVM,0.3333333333333333,0.7633333333333334,1.0,0.23860706890897704,50,,0.0001,linear,,,,,
333,SVM,0.3333333333333333,0.7633333333333334,1.0,0.23860706890897704,1,,0.001,linear,,,,,
349,SVM,0.3333333333333333,0.7633333333333334,1.0,0.23860706890897704,5,,0.005,linear,,,,,
361,SVM,0.3333333333333333,0.7633333333333334,1.0,0.23860706890897704,10,,0.1,linear,,,,,
359,SVM,0.3333333333333333,0.7633333333333334,1.0,0.23860706890897704,10,,0.5,linear,,,,,
357,SVM,0.3333333333333333,0.7633333333333334,1.0,0.23860706890897704,10,,1,linear,,,,,
355,SVM,0.3333333333333333,0.7633333333333334,1.0,0.23860706890897704,5,,0.0001,linear,,,,,
354,SVM,0.4,0.64,1.0,0.20428737928059415,5,,0.0005,rbf,,,,,
353,SVM,0.3333333333333333,0.7633333333333334,1.0,0.23860706890897704,5,,0.0005,linear,,,,,
352,SVM,0.4,0.64,1.0,0.1709775813764288,5,,0.001,rbf,,,,,
351,SVM,0.3333333333333333,0.7633333333333334,1.0,0.23860706890897704,5,,0.001,linear,,,,,
350,SVM,0.3333333333333333,0.5816666666666667,1.0,0.18950960104672504,5,,0.005,rbf,,,,,
348,SVM,0.3333333333333333,0.6016666666666667,1.0,0.20061710351368903,5,,0.01,rbf,,,,,
390,SVM,0.3333333333333333,0.6649999999999999,1.0,0.2501610592309594,50,,0.0005,rbf,,,,,
347,SVM,0.3333333333333333,0.7633333333333334,1.0,0.23860706890897704,5,,0.01,linear,,,,,
346,SVM,0.25,0.5516666666666665,1.0,0.19978460623603833,5,,0.05,rbf,,,,,
345,SVM,0.3333333333333333,0.7633333333333334,1.0,0.23860706890897704,5,,0.05,linear,,,,,
343,SVM,0.3333333333333333,0.7633333333333334,1.0,0.23860706890897704,5,,0.1,linear,,,,,
341,SVM,0.3333333333333333,0.7633333333333334,1.0,0.23860706890897704,5,,0.5,linear,,,,,
339,SVM,0.3333333333333333,0.7633333333333334,1.0,0.23860706890897704,5,,1,linear,,,,,
337,SVM,0.3333333333333333,0.7633333333333334,1.0,0.23860706890897704,1,,0.0001,linear,,,,,
335,SVM,0.3333333333333333,0.7633333333333334,1.0,0.23860706890897704,1,,0.0005,linear,,,,,
334,SVM,0.3333333333333333,0.58,1.0,0.18749814813900312,1,,0.001,rbf,,,,,
363,SVM,0.3333333333333333,0.7633333333333334,1.0,0.23860706890897704,10,,0.05,linear,,,,,
364,SVM,0.25,0.5516666666666665,1.0,0.19978460623603833,10,,0.05,rbf,,,,,
365,SVM,0.3333333333333333,0.7633333333333334,1.0,0.23860706890897704,10,,0.01,linear,,,,,
366,SVM,0.3333333333333333,0.6016666666666667,1.0,0.20061710351368903,10,,0.01,rbf,,,,,
389,SVM,0.3333333333333333,0.7633333333333334,1.0,0.23860706890897704,50,,0.0005,linear,,,,,
388,SVM,0.3333333333333333,0.6566666666666666,1.0,0.22201101073795618,50,,0.001,rbf,,,,,
387,SVM,0.3333333333333333,0.7633333333333334,1.0,0.23860706890897704,50,,0.001,linear,,,,,
386,SVM,0.3333333333333333,0.6016666666666667,1.0,0.20061710351368903,50,,0.005,rbf,,,,,
385,SVM,0.3333333333333333,0.7633333333333334,1.0,0.23860706890897704,50,,0.005,linear,,,,,
384,SVM,0.3333333333333333,0.6016666666666667,1.0,0.20061710351368903,50,,0.01,rbf,,,,,
383,SVM,0.3333333333333333,0.7633333333333334,1.0,0.23860706890897704,50,,0.01,linear,,,,,
382,SVM,0.25,0.5516666666666665,1.0,0.19978460623603833,50,,0.05,rbf,,,,,
381,SVM,0.3333333333333333,0.7633333333333334,1.0,0.23860706890897704,50,,0.05,linear,,,,,
379,SVM,0.3333333333333333,0.7633333333333334,1.0,0.23860706890897704,50,,0.1,linear,,,,,
377,SVM,0.3333333333333333,0.7633333333333334,1.0,0.23860706890897704,50,,0.5,linear,,,,,
375,SVM,0.3333333333333333,0.7633333333333334,1.0,0.23860706890897704,50,,1,linear,,,,,
373,SVM,0.3333333333333333,0.7633333333333334,1.0,0.23860706890897704,10,,0.0001,linear,,,,,
372,SVM,0.4,0.64,1.0,0.1709775813764288,10,,0.0005,rbf,,,,,
371,SVM,0.3333333333333333,0.7633333333333334,1.0,0.23860706890897704,10,,0.0005,linear,,,,,
370,SVM,0.3333333333333333,0.615,1.0,0.22711353010235993,10,,0.001,rbf,,,,,
369,SVM,0.3333333333333333,0.7633333333333334,1.0,0.23860706890897704,10,,0.001,linear,,,,,
368,SVM,0.3333333333333333,0.6016666666666667,1.0,0.20061710351368903,10,,0.005,rbf,,,,,
367,SVM,0.3333333333333333,0.7633333333333334,1.0,0.23860706890897704,10,,0.005,linear,,,,,
190,RF,0.25,0.5783333333333334,1.0,0.21896854162692464,,False,,,,5,25,2,
446,SVM,0.3333333333333333,0.7300000000000001,1.0,0.2261759393824983,1000,,0.0001,rbf,,,,,
188,RF,0.25,0.6183333333333334,1.0,0.25314137464183045,,False,,,,5,20,7,
54,RF,0.3333333333333333,0.7016666666666668,1.0,0.1934267015923316,,True,,,,9,35,10,
121,RF,0.25,0.6900000000000001,1.0,0.23335714164249519,,True,,,,2,30,3,
50,RF,0.25,0.6900000000000001,1.0,0.17953644012660308,,True,,,,9,35,2,
120,RF,0.25,0.6566666666666666,1.0,0.20925794820959345,,True,,,,2,30,2,
51,RF,0.25,0.685,1.0,0.20942381271797467,,True,,,,9,35,3,
52,RF,0.25,0.685,1.0,0.20942381271797467,,True,,,,9,35,5,
53,RF,0.25,0.6900000000000001,1.0,0.17953644012660308,,True,,,,9,35,7,
57,RF,0.25,0.685,1.0,0.20942381271797467,,True,,,,9,40,5,
111,RF,0.25,0.5983333333333334,1.0,0.22894079778162932,,True,,,,2,20,3,
58,RF,0.25,0.6900000000000001,1.0,0.17953644012660308,,True,,,,9,40,7,
59,RF,0.25,0.71,1.0,0.24991109530302083,,True,,,,9,40,10,
60,RF,0.25,0.7016666666666667,1.0,0.24982771841588933,,True,,,,5,20,2,
61,RF,0.25,0.6116666666666667,1.0,0.2039948256424385,,True,,,,5,20,3,
114,RF,0.25,0.6233333333333333,1.0,0.23048258550750036,,True,,,,2,20,10,
63,RF,0.25,0.7150000000000001,1.0,0.20213444370847178,,True,,,,5,20,7,
122,RF,0.25,0.6900000000000001,1.0,0.23335714164249519,,True,,,,2,30,5,
48,RF,0.25,0.6900000000000001,1.0,0.23335714164249519,,True,,,,9,30,7,
47,RF,0.25,0.7100000000000001,1.0,0.2005824851110718,,True,,,,9,30,5,
46,RF,0.25,0.665,1.0,0.18670386534116892,,True,,,,9,30,3,
124,RF,0.25,0.6233333333333333,1.0,0.23048258550750036,,True,,,,2,30,10,
44,RF,0.25,0.6583333333333334,1.0,0.1877128421582048,,True,,,,9,25,10,
43,RF,0.25,0.665,1.0,0.23891537320891587,,True,,,,9,25,7,
127,RF,0.25,0.6566666666666667,1.0,0.20925794820959345,,True,,,,2,35,5,
128,RF,0.25,0.6566666666666667,1.0,0.20925794820959345,,True,,,,2,35,7,
42,RF,0.25,0.6516666666666666,1.0,0.2346924701722566,,True,,,,9,25,5,
130,RF,0.25,0.6566666666666666,1.0,0.20925794820959345,,True,,,,2,40,2,
131,RF,0.25,0.7033333333333334,1.0,0.18223915910448862,,True,,,,2,40,3,
40,RF,0.25,0.5983333333333334,1.0,0.22894079778162932,,True,,,,9,25,2,
39,RF,0.25,0.6233333333333333,1.0,0.23048258550750036,,True,,,,9,20,10,
134,RF,0.3333333333333333,0.6483333333333333,1.0,0.200201287597147,,True,,,,2,40,10,
135,RF,0.25,0.7100000000000001,1.0,0.2005824851110718,,True,,,,,20,2,
136,RF,0.25,0.6766666666666666,1.0,0.23048258550750036,,True,,,,,20,3,
112,RF,0.25,0.6566666666666666,1.0,0.20925794820959345,,True,,,,2,20,5,
66,RF,0.25,0.7233333333333334,1.0,0.20168732676541126,,True,,,,5,25,3,
33,AB,0.2,0.6516666666666666,1.0,0.2598557292037257,,,,,4.0,,,,250
92,RF,0.25,0.6766666666666666,1.0,0.23048258550750036,,True,,,,3,25,5,
76,RF,0.25,0.6516666666666666,1.0,0.2346924701722566,,True,,,,5,35,3,
77,RF,0.25,0.6433333333333333,1.0,0.25256462319352824,,True,,,,5,35,5,
97,RF,0.25,0.6900000000000001,1.0,0.17953644012660308,,True,,,,3,30,5,
96,RF,0.25,0.6433333333333333,1.0,0.25256462319352824,,True,,,,3,30,3,
78,RF,0.25,0.7100000000000001,1.0,0.2005824851110718,,True,,,,5,35,7,
93,RF,0.25,0.665,1.0,0.18670386534116892,,True,,,,3,25,7,
81,RF,0.25,0.6516666666666667,1.0,0.2346924701722566,,True,,,,5,40,3,
67,RF,0.5,0.7150000000000001,1.0,0.12592987466575728,,True,,,,5,25,5,
82,RF,0.25,0.6233333333333333,1.0,0.23048258550750036,,True,,,,5,40,5,
89,RF,0.25,0.6900000000000001,1.0,0.23335714164249519,,True,,,,3,20,10,
83,RF,0.25,0.6566666666666666,1.0,0.20925794820959345,,True,,,,5,40,7,
88,RF,0.25,0.6766666666666666,1.0,0.23048258550750036,,True,,,,3,20,7,
84,RF,0.25,0.7300000000000001,1.0,0.19857828011475306,,True,,,,5,40,10,
87,RF,0.25,0.7100000000000001,1.0,0.2005824851110718,,True,,,,3,20,5,
99,RF,0.25,0.6566666666666666,1.0,0.20925794820959345,,True,,,,3,30,10,
75,RF,0.25,0.6900000000000001,1.0,0.23335714164249519,,True,,,,5,35,2,
100,RF,0.25,0.6900000000000001,1.0,0.17953644012660308,,True,,,,3,35,2,
74,RF,0.25,0.6900000000000001,1.0,0.23335714164249519,,True,,,,5,30,10,
101,RF,0.25,0.6316666666666667,1.0,0.21153539236312732,,True,,,,3,35,3,
73,RF,0.25,0.6183333333333334,1.0,0.25314137464183045,,True,,,,5,30,7,
102,RF,0.25,0.6766666666666666,1.0,0.23048258550750036,,True,,,,3,35,5,
187,RF,0.25,0.6766666666666667,1.0,0.23048258550750036,,False,,,,5,20,5,
72,RF,0.25,0.6900000000000001,1.0,0.23335714164249519,,True,,,,5,30,5,
71,RF,0.25,0.6316666666666666,1.0,0.21153539236312732,,True,,,,5,30,3,
104,RF,0.25,0.7233333333333334,1.0,0.20168732676541126,,True,,,,3,35,10,
105,RF,0.25,0.6566666666666666,1.0,0.20925794820959345,,True,,,,3,40,2,
106,RF,0.25,0.6566666666666666,1.0,0.20925794820959345,,True,,,,3,40,3,
107,RF,0.25,0.6766666666666667,1.0,0.23048258550750036,,True,,,,3,40,5,
70,RF,0.25,0.6516666666666666,1.0,0.2346924701722566,,True,,,,5,30,2,
69,RF,0.3333333333333333,0.6233333333333333,1.0,0.20154955277107967,,True,,,,5,25,10,
109,RF,0.25,0.6316666666666666,1.0,0.21153539236312732,,True,,,,3,40,10,
37,RF,0.25,0.6316666666666667,1.0,0.21153539236312732,,True,,,,9,20,5,
38,RF,0.25,0.7233333333333334,1.0,0.20168732676541126,,True,,,,9,20,7,
32,AB,0.0,0.5816666666666668,1.0,0.29725129660496574,,,,,4.0,,,,200
163,RF,0.25,0.6900000000000001,1.0,0.17953644012660308,,False,,,,9,20,7,
169,RF,0.25,0.5783333333333334,1.0,0.21896854162692464,,False,,,,9,25,10,
168,RF,0.25,0.6183333333333334,1.0,0.25314137464183045,,False,,,,9,25,7,
167,RF,0.25,0.6316666666666667,1.0,0.21153539236312732,,False,,,,9,25,5,
6,AB,0.25,0.6216666666666667,1.0,0.2173131381210073,,,,,1.5,,,,150
166,RF,0.25,0.6233333333333333,1.0,0.23048258550750036,,False,,,,9,25,3,
165,RF,0.25,0.6183333333333334,1.0,0.25314137464183045,,False,,,,9,25,2,
7,AB,0.25,0.6666666666666667,1.0,0.2202271554554524,,,,,1.5,,,,200
162,RF,0.25,0.6566666666666667,1.0,0.20925794820959345,,False,,,,9,20,5,
156,RF,0.25,0.665,1.0,0.18670386534116892,,True,,,,,40,3,
161,RF,0.25,0.5983333333333334,1.0,0.22894079778162932,,False,,,,9,20,3,
160,RF,0.25,0.6116666666666667,1.0,0.2039948256424385,,False,,,,9,20,2,
159,RF,0.25,0.6433333333333333,1.0,0.25256462319352824,,True,,,,,40,10,
8,AB,0.5,0.6966666666666667,1.0,0.17204650534085253,,,,,1.5,,,,250
9,AB,0.5,0.6916666666666667,1.0,0.18246004128758347,,,,,1.5,,,,300
10,AB,0.25,0.605,1.0,0.20317616876876962,,,,,2.0,,,,100
11,AB,0.25,0.6133333333333334,1.0,0.18223915910448862,,,,,2.0,,,,150
170,RF,0.25,0.6316666666666666,1.0,0.21153539236312732,,False,,,,9,30,2,
171,RF,0.25,0.6316666666666666,1.0,0.21153539236312732,,False,,,,9,30,3,
172,RF,0.25,0.6766666666666666,1.0,0.23048258550750036,,False,,,,9,30,5,
173,RF,0.25,0.6183333333333334,1.0,0.25314137464183045,,False,,,,9,30,7,
2,AB,0.4,0.71,1.0,0.21540659228538014,,,,,1.0,,,,200
185,RF,0.25,0.6233333333333333,1.0,0.23048258550750036,,False,,,,5,20,2,
184,RF,0.25,0.6233333333333333,1.0,0.23048258550750036,,False,,,,9,40,10,
183,RF,0.25,0.6566666666666667,1.0,0.20925794820959345,,False,,,,9,40,7,
182,RF,0.25,0.6316666666666667,1.0,0.21153539236312732,,False,,,,9,40,5,
181,RF,0.25,0.6566666666666667,1.0,0.20925794820959345,,False,,,,9,40,3,
180,RF,0.25,0.6233333333333333,1.0,0.23048258550750036,,False,,,,9,40,2,
179,RF,0.25,0.6316666666666667,1.0,0.21153539236312732,,False,,,,9,35,10,
178,RF,0.25,0.6566666666666667,1.0,0.20925794820959345,,False,,,,9,35,7,
3,AB,0.4,0.71,1.0,0.21540659228538014,,,,,1.0,,,,250
4,AB,0.4,0.6849999999999999,1.0,0.2236626924634504,,,,,1.0,,,,300
176,RF,0.25,0.6316666666666667,1.0,0.21153539236312732,,False,,,,9,35,3,
175,RF,0.25,0.5983333333333334,1.0,0.22894079778162932,,False,,,,9,35,2,
5,AB,0.5,0.6716666666666666,1.0,0.18043927879852917,,,,,1.5,,,,100
174,RF,0.25,0.6233333333333333,1.0,0.23048258550750036,,False,,,,9,30,10,
13,AB,0.25,0.6716666666666666,1.0,0.21226948281213984,,,,,2.0,,,,250
12,AB,0.25,0.6383333333333334,1.0,0.18212480458313315,,,,,2.0,,,,200
155,RF,0.25,0.6233333333333333,1.0,0.23048258550750036,,True,,,,,40,2,
144,RF,0.25,0.6566666666666666,1.0,0.20925794820959345,,True,,,,,25,10,
22,AB,0.0,0.5366666666666667,1.0,0.3161223391874312,,,,,3,,,,200
14,AB,0.25,0.6183333333333334,1.0,0.1957109546698339,,,,,2.0,,,,300
148,RF,0.25,0.6566666666666666,1.0,0.20925794820959345,,True,,,,,30,7,
24,AB,0.25,0.5733333333333334,1.0,0.20168732676541126,,,,,3,,,,300
147,RF,0.25,0.6766666666666666,1.0,0.23048258550750036,,True,,,,,30,5,
146,RF,0.25,0.6900000000000001,1.0,0.17953644012660308,,True,,,,,30,3,
145,RF,0.25,0.665,1.0,0.23891537320891587,,True,,,,,30,2,
143,RF,0.25,0.6566666666666667,1.0,0.20925794820959345,,True,,,,,25,7,
150,RF,0.25,0.6766666666666666,1.0,0.23048258550750036,,True,,,,,35,2,
142,RF,0.25,0.7233333333333334,1.0,0.20168732676541126,,True,,,,,25,5,
25,AB,0.25,0.5683333333333334,1.0,0.1874462886031919,,,,,3.5,,,,100
141,RF,0.5,0.7350000000000001,1.0,0.15118972628235472,,True,,,,,25,3,
140,RF,0.25,0.6766666666666666,1.0,0.23048258550750036,,True,,,,,25,2,
26,AB,0.25,0.5883333333333334,1.0,0.20000694432388538,,,,,3.5,,,,150
27,AB,0.0,0.45,1.0,0.2599145158615724,,,,,3.5,,,,200
30,AB,0.2,0.52,1.0,0.23163668870788917,,,,,4.0,,,,100
21,AB,0.0,0.5266666666666666,1.0,0.341418609139377,,,,,3,,,,150
23,AB,0.0,0.5483333333333333,1.0,0.2801239804880054,,,,,3,,,,250
151,RF,0.25,0.685,1.0,0.20942381271797467,,True,,,,,35,3,
19,AB,0.0,0.6366666666666667,1.0,0.30675723300355934,,,,,2.5,,,,300
18,AB,0.0,0.5983333333333334,1.0,0.27319610376268383,,,,,2.5,,,,250
16,AB,0.4,0.6833333333333333,1.0,0.1909042808436847,,,,,2.5,,,,150
152,RF,0.25,0.6233333333333333,1.0,0.23048258550750036,,True,,,,,35,5,
20,AB,0.0,0.5366666666666667,1.0,0.34048984321611314,,,,,3,,,,100
15,AB,0.3333333333333333,0.61,1.0,0.18427033281447006,,,,,2.5,,,,100
153,RF,0.25,0.6366666666666667,1.0,0.2040969268645551,,True,,,,,35,7,
49,RF,0.25,0.6700000000000002,0.8,0.1530795000427338,,True,,,,9,30,10,
80,RF,0.25,0.6700000000000002,0.8,0.1530795000427338,,True,,,,5,40,2,
35,RF,0.25,0.625,0.8,0.14986104675109319,,True,,,,9,20,2,
36,RF,0.25,0.6116666666666667,0.8,0.18334090893439164,,True,,,,9,20,3,
62,RF,0.25,0.6366666666666667,0.8,0.18345450541089353,,True,,,,5,20,5,
34,AB,0.0,0.5216666666666667,0.8,0.2571262119833155,,,,,4.0,,,,300
64,RF,0.25,0.6366666666666667,0.8,0.18345450541089353,,True,,,,5,20,10,
86,RF,0.25,0.6116666666666667,0.8,0.18334090893439164,,True,,,,3,20,3,
56,RF,0.25,0.6116666666666667,0.8,0.18334090893439164,,True,,,,9,40,3,
65,RF,0.25,0.625,0.8,0.14986104675109319,,True,,,,5,25,2,
79,RF,0.25,0.6450000000000001,0.8,0.15829824172533735,,True,,,,5,35,10,
55,RF,0.25,0.6700000000000002,0.8,0.1530795000427338,,True,,,,9,40,2,
41,RF,0.25,0.6366666666666667,0.8,0.18345450541089353,,True,,,,9,25,3,
68,RF,0.25,0.6116666666666667,0.8,0.18334090893439164,,True,,,,5,25,7,
17,AB,0.25,0.555,0.8,0.18723870682455945,,,,,2.5,,,,200
45,RF,0.25,0.6116666666666667,0.8,0.18334090893439164,,True,,,,9,30,2,
85,RF,0.5,0.6700000000000002,0.8,0.10456258094238749,,True,,,,3,20,2,
223,RF,0.25,0.6033333333333333,0.8,0.20409692686455513,,False,,,,3,30,7,
125,RF,0.25,0.6366666666666667,0.8,0.18345450541089353,,True,,,,2,35,2,
123,RF,0.25,0.6033333333333333,0.8,0.20409692686455513,,True,,,,2,30,7,
241,RF,0.25,0.6033333333333333,0.8,0.20409692686455513,,False,,,,2,25,3,
116,RF,0.25,0.6033333333333333,0.8,0.20409692686455513,,True,,,,2,25,3,
242,RF,0.25,0.6033333333333333,0.8,0.20409692686455513,,False,,,,2,25,5,
149,RF,0.25,0.6233333333333333,0.8,0.21241991955139758,,True,,,,,30,10,
117,RF,0.25,0.6366666666666667,0.8,0.18345450541089353,,True,,,,2,25,5,
245,RF,0.25,0.6033333333333333,0.8,0.20409692686455513,,False,,,,2,30,2,
118,RF,0.25,0.6033333333333333,0.8,0.20409692686455513,,True,,,,2,25,7,
252,RF,0.25,0.6033333333333333,0.8,0.20409692686455513,,False,,,,2,35,5,
119,RF,0.25,0.6033333333333333,0.8,0.20409692686455513,,True,,,,2,25,10,
255,RF,0.25,0.6366666666666667,0.8,0.18345450541089353,,False,,,,2,40,2,
256,RF,0.25,0.6033333333333333,0.8,0.20409692686455513,,False,,,,2,40,3,
284,RF,0.25,0.6366666666666667,0.8,0.18345450541089353,,False,,,,,40,10,
282,RF,0.25,0.6033333333333333,0.8,0.20409692686455513,,False,,,,,40,5,
280,RF,0.25,0.5783333333333334,0.8,0.1998680120034775,,False,,,,,40,2,
237,RF,0.25,0.5833333333333333,0.8,0.19336206683030902,,False,,,,2,20,5,
279,RF,0.25,0.6033333333333333,0.8,0.20409692686455513,,False,,,,,35,10,
126,RF,0.25,0.6700000000000002,0.8,0.1530795000427338,,True,,,,2,35,3,
273,RF,0.25,0.5783333333333334,0.8,0.1998680120034775,,False,,,,,30,7,
129,RF,0.25,0.6366666666666667,0.8,0.18345450541089353,,True,,,,2,35,10,
132,RF,0.25,0.6033333333333333,0.8,0.20409692686455513,,True,,,,2,40,5,
133,RF,0.25,0.6033333333333333,0.8,0.20409692686455513,,True,,,,2,40,7,
266,RF,0.25,0.6366666666666667,0.8,0.18345450541089353,,False,,,,,25,3,
263,RF,0.25,0.6116666666666667,0.8,0.18334090893439164,,False,,,,,20,7,
262,RF,0.25,0.6116666666666667,0.8,0.18334090893439164,,False,,,,,20,5,
137,RF,0.25,0.6366666666666667,0.8,0.18345450541089353,,True,,,,,20,5,
260,RF,0.25,0.6700000000000002,0.8,0.1530795000427338,,False,,,,,20,2,
138,RF,0.25,0.6033333333333333,0.8,0.20409692686455513,,True,,,,,20,7,
139,RF,0.25,0.6033333333333333,0.8,0.20409692686455513,,True,,,,,20,10,
257,RF,0.25,0.5833333333333333,0.8,0.19336206683030902,,False,,,,2,40,5,
239,RF,0.25,0.6033333333333333,0.8,0.20409692686455513,,False,,,,2,20,10,
115,RF,0.25,0.6033333333333333,0.8,0.20409692686455513,,True,,,,2,25,2,
224,RF,0.25,0.6033333333333333,0.8,0.20409692686455513,,False,,,,3,30,10,
186,RF,0.25,0.6033333333333333,0.8,0.20409692686455513,,False,,,,5,20,3,
200,RF,0.25,0.6116666666666667,0.8,0.18334090893439164,,False,,,,5,35,2,
177,RF,0.25,0.6116666666666667,0.8,0.18334090893439164,,False,,,,9,35,5,
90,RF,0.25,0.6033333333333333,0.8,0.20409692686455513,,True,,,,3,25,2,
91,RF,0.25,0.6366666666666667,0.8,0.18345450541089353,,True,,,,3,25,3,
94,RF,0.25,0.6366666666666667,0.8,0.18345450541089353,,True,,,,3,25,10,
95,RF,0.25,0.6700000000000002,0.8,0.1530795000427338,,True,,,,3,30,2,
98,RF,0.25,0.6450000000000001,0.8,0.15829824172533735,,True,,,,3,30,7,
204,RF,0.25,0.6033333333333333,0.8,0.20409692686455513,,False,,,,5,35,10,
213,RF,0.25,0.6033333333333333,0.8,0.20409692686455513,,False,,,,3,20,7,
164,RF,0.25,0.6033333333333333,0.8,0.20409692686455513,,False,,,,9,20,10,
222,RF,0.25,0.6116666666666667,0.8,0.18334090893439164,,False,,,,3,30,5,
236,RF,0.25,0.6033333333333333,0.8,0.20409692686455513,,False,,,,2,20,3,
158,RF,0.25,0.6366666666666667,0.8,0.18345450541089353,,True,,,,,40,7,
225,RF,0.25,0.6033333333333333,0.8,0.20409692686455513,,False,,,,3,35,2,
103,RF,0.25,0.6366666666666667,0.8,0.18345450541089353,,True,,,,3,35,7,
235,RF,0.25,0.6033333333333333,0.8,0.20409692686455513,,False,,,,2,20,2,
234,RF,0.25,0.6116666666666667,0.8,0.18334090893439164,,False,,,,3,40,10,
113,RF,0.25,0.6366666666666667,0.8,0.18345450541089353,,True,,,,2,20,7,
232,RF,0.25,0.6366666666666667,0.8,0.18345450541089353,,False,,,,3,40,5,
154,RF,0.25,0.6116666666666667,0.8,0.18334090893439164,,True,,,,,35,10,
110,RF,0.25,0.6033333333333333,0.8,0.20409692686455513,,True,,,,2,20,2,
157,RF,0.25,0.6366666666666667,0.8,0.18345450541089353,,True,,,,,40,5,
108,RF,0.25,0.6116666666666667,0.8,0.18334090893439164,,True,,,,3,40,7,
226,RF,0.25,0.5783333333333334,0.8,0.1998680120034775,,False,,,,3,35,3,
28,AB,0.4,0.5900000000000001,0.75,0.12543258481484518,,,,,3.5,,,,250
31,AB,0.0,0.515,0.75,0.2244066249764773,,,,,4.0,,,,150
432,SVM,0.5,0.5800000000000001,0.6666666666666666,0.07023769168568492,1000,,0.5,rbf,,,,,
434,SVM,0.5,0.5800000000000001,0.6666666666666666,0.07023769168568492,1000,,0.1,rbf,,,,,
412,SVM,0.5,0.5800000000000001,0.6666666666666666,0.07023769168568492,500,,1,rbf,,,,,
430,SVM,0.5,0.5800000000000001,0.6666666666666666,0.07023769168568492,1000,,1,rbf,,,,,
414,SVM,0.5,0.5800000000000001,0.6666666666666666,0.07023769168568492,500,,0.5,rbf,,,,,
416,SVM,0.5,0.5800000000000001,0.6666666666666666,0.07023769168568492,500,,0.1,rbf,,,,,
344,SVM,0.5,0.5800000000000001,0.6666666666666666,0.07023769168568492,5,,0.1,rbf,,,,,
398,SVM,0.5,0.5800000000000001,0.6666666666666666,0.07023769168568492,100,,0.1,rbf,,,,,
376,SVM,0.5,0.5800000000000001,0.6666666666666666,0.07023769168568492,50,,1,rbf,,,,,
340,SVM,0.5,0.5800000000000001,0.6666666666666666,0.07023769168568492,5,,1,rbf,,,,,
326,SVM,0.5,0.5800000000000001,0.6666666666666666,0.07023769168568492,1,,0.1,rbf,,,,,
324,SVM,0.5,0.5800000000000001,0.6666666666666666,0.07023769168568492,1,,0.5,rbf,,,,,
356,SVM,0.4,0.52,0.6666666666666666,0.10456258094238745,5,,0.0001,rbf,,,,,
322,SVM,0.5,0.5800000000000001,0.6666666666666666,0.07023769168568492,1,,1,rbf,,,,,
358,SVM,0.5,0.5800000000000001,0.6666666666666666,0.07023769168568492,10,,1,rbf,,,,,
360,SVM,0.5,0.5800000000000001,0.6666666666666666,0.07023769168568492,10,,0.5,rbf,,,,,
362,SVM,0.5,0.5800000000000001,0.6666666666666666,0.07023769168568492,10,,0.1,rbf,,,,,
300,SVM,0.4,0.52,0.6666666666666666,0.10456258094238745,0.1,,0.0005,rbf,,,,,
298,SVM,0.4,0.52,0.6666666666666666,0.10456258094238745,0.1,,0.001,rbf,,,,,
374,SVM,0.3333333333333333,0.5466666666666666,0.6666666666666666,0.09568466729604881,10,,0.0001,rbf,,,,,
302,SVM,0.4,0.52,0.6666666666666666,0.10456258094238745,0.1,,0.0001,rbf,,,,,
296,SVM,0.4,0.52,0.6666666666666666,0.10456258094238745,0.1,,0.005,rbf,,,,,
294,SVM,0.4,0.52,0.6666666666666666,0.10456258094238745,0.1,,0.01,rbf,,,,,
396,SVM,0.5,0.5800000000000001,0.6666666666666666,0.07023769168568492,100,,0.5,rbf,,,,,
342,SVM,0.5,0.5800000000000001,0.6666666666666666,0.07023769168568492,5,,0.5,rbf,,,,,
394,SVM,0.5,0.5800000000000001,0.6666666666666666,0.07023769168568492,100,,1,rbf,,,,,
286,SVM,0.4,0.52,0.6666666666666666,0.10456258094238745,0.1,,1,rbf,,,,,
288,SVM,0.4,0.52,0.6666666666666666,0.10456258094238745,0.1,,0.5,rbf,,,,,
290,SVM,0.4,0.52,0.6666666666666666,0.10456258094238745,0.1,,0.1,rbf,,,,,
378,SVM,0.5,0.5800000000000001,0.6666666666666666,0.07023769168568492,50,,0.5,rbf,,,,,
292,SVM,0.4,0.52,0.6666666666666666,0.10456258094238745,0.1,,0.05,rbf,,,,,
380,SVM,0.5,0.5800000000000001,0.6666666666666666,0.07023769168568492,50,,0.1,rbf,,,,,
29,AB,0.0,0.41000000000000003,0.6,0.1680277754817141,,,,,3.5,,,,300
316,SVM,0.3333333333333333,0.42000000000000004,0.5,0.07023769168568493,0.5,,0.001,rbf,,,,,
320,SVM,0.3333333333333333,0.42000000000000004,0.5,0.07023769168568493,0.5,,0.0001,rbf,,,,,
310,SVM,0.3333333333333333,0.42000000000000004,0.5,0.07023769168568493,0.5,,0.05,rbf,,,,,
308,SVM,0.3333333333333333,0.42000000000000004,0.5,0.07023769168568493,0.5,,0.1,rbf,,,,,
306,SVM,0.3333333333333333,0.42000000000000004,0.5,0.07023769168568493,0.5,,0.5,rbf,,,,,
304,SVM,0.3333333333333333,0.42000000000000004,0.5,0.07023769168568493,0.5,,1,rbf,,,,,
336,SVM,0.3333333333333333,0.42000000000000004,0.5,0.07023769168568493,1,,0.0005,rbf,,,,,
338,SVM,0.3333333333333333,0.42000000000000004,0.5,0.07023769168568493,1,,0.0001,rbf,,,,,
318,SVM,0.3333333333333333,0.42000000000000004,0.5,0.07023769168568493,0.5,,0.0005,rbf,,,,,
